title,url,live,end date
Alvin Cannon,http://gedlahrew.tc/ijpibi,False,NAN
Lloyd Henry,http://jiiwtil.bg/zin;http://gedlahrew.tc/ijpibi,False,2023-10-01
Andrew Hamilton,http://murgad.sn/bitiz;http://gedlahrew.tc/ijpibi,False,NAN
Juan Morris,http://darar.iq/ta;http://gedlahrew.tc/ijpibi,True,2023-12-05
Kevin Freeman,http://ec.ws/tigelke;http://gedlahrew.tc/ijpibi,True,2023-10-01
Mitchell Patrick,http://of.th/soldasob,False,NAN
Stanley Sutton,http://haebsac.mv/pe,False,NAN
Helen Silva,http://fo.mg/kavicate,False,NAN
Esther Webster,http://tenava.in/gi,True,NAN
Corey Lloyd,http://azizamum.so/okoero,True,NAN
Genevieve Taylor,http://dapufpa.ki/raugehen,True,NAN
Rhoda Dixon,http://guud.kz/jedpid,False,NAN
Inez Cobb,http://fu.li/nico,False,NAN
Nina Alexander,http://mataj.sr/cobec,False,NAN
Joshua Gross,http://ih.org/nikih,True,NAN
Nellie Kennedy,http://cahav.il/ubrit,False,NAN
Jack Blair,http://jiganji.pm/tu,True,NAN
Mary Stokes,http://codel.bz/rowne,False,NAN
Etta Patrick,http://veh.gg/fe,False,NAN
Henry Lowe,http://ebnu.tf/opirulja,False,NAN
Pearl Ingram,http://dum.no/nauza,True,NAN
Elmer Henry,http://fadlu.ao/wuk,True,NAN
Christine Bailey,http://ipitikuk.er/azumuw,True,NAN
Caroline McCoy,http://zigoj.fr/lu,True,NAN
Ricky Gray,http://tirni.pn/zi,False,NAN
Cora Kelly,http://rep.org/irrilap,True,NAN
Marvin Spencer,http://zeceh.so/gopsin,False,NAN
Jim Glover,http://fakupe.er/sanluj,True,NAN
Francis Hayes,http://voslas.gh/vovfedos,True,NAN
Gregory Saunders,http://juvmejdij.sd/otukodhu,True,NAN
Calvin Stephens,http://niphajsi.kr/sueb,True,NAN
Lula Tran,http://fub.th/wiepiuc,False,NAN
Earl Daniel,http://jic.ls/ba,True,NAN
Paul Hicks,http://rojgelwa.bj/ik,True,NAN
Carrie Glover,http://rehlukoke.sk/keveh,True,NAN
Mary Cortez,http://epekekez.su/wur,True,NAN
Viola Swanson,http://roze.de/mure,False,NAN
Antonio Patterson,http://kehu.gn/uweko,True,NAN
Tony Goodman,http://erromso.mu/imacaak,False,NAN
Ricardo Barnes,http://fawuh.mm/unu,True,NAN
Eugene Vasquez,http://seifeowu.ar/lowin,True,NAN
Curtis Baker,http://navtom.om/jigfa,True,NAN
Mae Logan,http://zaga.om/ziwfewiv,False,NAN
Eddie Hill,http://vopa.cc/nep,False,NAN
Tillie Rivera,http://azahsof.aw/besu,False,NAN
Myrtle Norris,http://bazu.an/eniviwka,False,NAN
Scott Reid,http://heh.so/uradeb,False,NAN
Sarah Brown,http://nusozzam.be/fewwifez,True,NAN
Millie Harmon,http://gu.mx/eskis,False,NAN
Clyde Collier,http://ra.sc/wok,True,NAN
Walter McGee,http://ep.ad/mokobabu,False,NAN
Minnie Torres,http://dihav.gb/saohuko,True,NAN
Fred Jenkins,http://rezbaksen.np/ve,True,NAN
Winnie Long,http://ni.re/fultozgo,False,NAN
Alfred Maxwell,http://debwa.sc/pavakahig,False,NAN
Jean Shaw,http://daon.kr/jom,False,NAN
Millie Banks,http://bajgafow.kn/nic,True,NAN
Josephine Byrd,http://hiw.bz/uvuivjiv,False,NAN
Juan Berry,http://rappi.fk/je,True,NAN
Rebecca Allison,http://ciju.tm/jebebud,True,NAN
Brian Morris,http://icwilos.mn/hitbi,False,NAN
Jessie Fletcher,http://gacu.ms/tam,False,NAN
Lula Olson,http://upe.mq/suvibedu,False,NAN
Matilda Dawson,http://namlo.ir/compuh,False,NAN
Matilda Cain,http://kebitu.it/rohmico,True,NAN
Willie Pena,http://bevuza.sd/lowadza,False,NAN
Lucas Park,http://ahesa.vg/gutetijo,False,NAN
Bess Cobb,http://eta.hn/wocnol,False,NAN
Dennis Maxwell,http://nuka.uk/lervi,False,NAN
Lois Hamilton,http://orhuaj.gp/if,True,NAN
Mabel Allen,http://folgavsu.aw/udfehfoc,True,NAN
Clifford Rowe,http://zorola.in/cenazozu,False,NAN
Henry Gomez,http://wazwakci.bo/muhu,False,NAN
Lottie Murphy,http://hiwa.gd/jud,True,NAN
Brett Lambert,http://ocwug.tp/nu,False,NAN
Theresa Burton,http://kovduv.bd/cu,True,NAN
Steven Bennett,http://ledug.net/nu,False,NAN
Anthony McKenzie,http://vif.lb/ceoganup,True,NAN
Emily Lawson,http://agiozovaz.gu/adujibwi,True,NAN
Hallie Parker,http://nig.zm/od,False,NAN
Clarence Pope,http://uweapiem.zm/jetguv,True,NAN
Pauline Roberts,http://du.ng/putilal,False,NAN
Teresa Harrison,http://jen.md/icobecuw,False,NAN
Tony Joseph,http://pe.io/nilekaf,False,NAN
Polly Blake,http://ubucoc.lt/liocuvaf,False,NAN
Brett Colon,http://corarul.mc/dajaczo,True,NAN
Margaret Doyle,http://zegafu.np/ma,False,NAN
Ida Carter,http://hareg.pf/canzipu,False,NAN
Amanda Rhodes,http://imvewa.ao/uginicru,True,NAN
Tony Sims,http://nohvi.mw/ebti,True,NAN
Delia Clarke,http://fumuzwe.gd/vazeh,True,NAN
Isabelle Webster,http://wijuke.bh/penbi,False,NAN
Kate Hopkins,http://beakiag.ua/aceviksur,False,NAN
Steven Delgado,http://hapi.na/waj,True,NAN
Roger Tate,http://pa.pw/ku,False,NAN
Cynthia Wallace,http://epovil.bf/varid,True,NAN
Paul Cannon,http://uggufow.gov/pera,True,NAN
Willie Anderson,http://wesuv.lb/gazobaj,False,NAN
Eugenia Chapman,http://pive.lt/dulza,True,NAN
Bertie Hardy,http://enimu.al/iddu,True,NAN
Charlie Fletcher,http://sari.sx/valauta,True,NAN
Isabella Webster,http://lemuzca.ae/dok,True,NAN
fred,https://me.me,True,2023-04-13
bob,https://me.me;https://me.me,True,
fa,https://bob.bob,True,
